{
    "model": "finetune_full_f015pct",
    "epochs": 10,
    "train_losses": [
        0.15631558360089692,
        0.08679857041229742,
        0.07608101393004907,
        0.07330072546560261,
        0.07178181101751349,
        0.0709381554035728,
        0.07031997167303934,
        0.06988826940544705,
        0.06943732453715665,
        0.06960069069216342
    ],
    "valid_losses": [
        0.12848325610788555,
        0.09842346296448545,
        0.0923687606430312,
        0.08954187423345678,
        0.08843963241914378,
        0.087598053810765,
        0.08754888923130855,
        0.08721935955015192,
        0.08713477916697288,
        0.08714907864426007
    ],
    "train_f1s_p": [
        0.5887131663702351,
        0.7059957792799065,
        0.7572577938039394,
        0.770385489021299,
        0.7813464421126884,
        0.7906693667076099,
        0.7923750988186302,
        0.7946249902181083,
        0.7974775378090295,
        0.7972490971510099
    ],
    "train_f1s_s": [
        0.5250628078682625,
        0.5521260480688517,
        0.5737185353588872,
        0.5911964479990591,
        0.6011368362678498,
        0.6100610872944368,
        0.6115804698020049,
        0.6121703732527163,
        0.6143166768210465,
        0.6134244501115715
    ],
    "valid_f1s_p": [
        0.7713779108711927,
        0.8014406173185227,
        0.8182288401253919,
        0.8229042945552291,
        0.82606149112463,
        0.8264872963356015,
        0.8284973202706293,
        0.8284668399403688,
        0.8284900729414518,
        0.8287156600372951
    ],
    "valid_f1s_s": [
        0.5940665418452162,
        0.606698842288542,
        0.622159332544635,
        0.626149108114575,
        0.6300469119528554,
        0.635327657398728,
        0.636466573600124,
        0.6373541157768213,
        0.6367952660155373,
        0.6364918042946116
    ],
    "test_loss": 0.08496916548582861,
    "test_f1_p": 0.8216631862873053,
    "test_f1_s": 0.6268748466555405
}