{
    "model": "finetune_full_f001pct",
    "epochs": 10,
    "train_losses": [
        0.23025758917394437,
        0.17538321077039368,
        0.12124031262570306,
        0.10436481786401648,
        0.09499551360740473,
        0.0904788011194844,
        0.08584585962326903,
        0.08654223490310342,
        0.08321992646118528,
        0.08856081835141308
    ],
    "valid_losses": [
        0.31627956296803267,
        0.1731832489509519,
        0.13493336969663394,
        0.11939373127930711,
        0.11234800030614414,
        0.10887423251809988,
        0.10728580813860565,
        0.10608592827357502,
        0.1058653818519463,
        0.10577982192607446
    ],
    "train_f1s_p": [
        0.5076923076923077,
        0.5694520298561806,
        0.6379220779220779,
        0.6779151353157368,
        0.6910342566792329,
        0.7039515615041427,
        0.7135969141755063,
        0.7172859450726979,
        0.7143322475570033,
        0.7144224633056796
    ],
    "train_f1s_s": [
        0.4919747520288548,
        0.5148514851485149,
        0.5449402891263356,
        0.5470007593014427,
        0.5536773428232503,
        0.5578309777905971,
        0.5566024061458182,
        0.5551995339353335,
        0.5482322130074203,
        0.5525672371638142
    ],
    "valid_f1s_p": [
        0.6394304448194922,
        0.7542460775121761,
        0.7727225652260505,
        0.777718616887998,
        0.7802261863122304,
        0.7807813839937576,
        0.7854085557937754,
        0.7864620812925092,
        0.787521105379742,
        0.7879097646539507
    ],
    "valid_f1s_s": [
        0.4947055700941542,
        0.5712958510924397,
        0.5893533123028392,
        0.5957178743360216,
        0.5972671534645839,
        0.5972702512470545,
        0.5997365882046648,
        0.5993730407523511,
        0.5998606613227987,
        0.6001683115293398
    ],
    "test_loss": 0.10342201868099513,
    "test_f1_p": 0.7780072985820282,
    "test_f1_s": 0.5892644219661622
}