{
    "model": "finetune_partial_f010pct",
    "epochs": 10,
    "train_losses": [
        0.10715252460036057,
        0.07483170085296725,
        0.07187571513238332,
        0.07127706336955361,
        0.07042388976212369,
        0.06997532266753399,
        0.06881433984893837,
        0.0679097381204564,
        0.06736230493480007,
        0.06753100076850677
    ],
    "valid_losses": [
        0.09774512603114764,
        0.09123369159633218,
        0.08907784755546375,
        0.08862210965927525,
        0.0870430440431641,
        0.08661945865850054,
        0.08616709444106692,
        0.08701192473322848,
        0.08644816689115795,
        0.08634932398511615
    ],
    "train_f1s_p": [
        0.6816580872392306,
        0.7666831601517401,
        0.7886341642473388,
        0.7971751128109641,
        0.8022926477735508,
        0.8028173738051316,
        0.8089496791624451,
        0.808894618111505,
        0.8085222710109519,
        0.8130812572126808
    ],
    "train_f1s_s": [
        0.5440101876838179,
        0.5823838158107532,
        0.6036023976321152,
        0.611569009441031,
        0.6140169402593508,
        0.618953721131726,
        0.6173850445424278,
        0.6216142766554942,
        0.6244614357667334,
        0.6234405678900469
    ],
    "valid_f1s_p": [
        0.8078404412396585,
        0.8236237432297522,
        0.8246654904838483,
        0.8250508641051425,
        0.8305567476883462,
        0.8259988980887272,
        0.8275081232406107,
        0.8316199984400593,
        0.8313613618294907,
        0.8313985196727698
    ],
    "valid_f1s_s": [
        0.608864295774106,
        0.6268071398558956,
        0.6297711995161928,
        0.6323096013649759,
        0.6367369753052875,
        0.6347630353673954,
        0.6341958865215485,
        0.6400665521182388,
        0.6394422620064283,
        0.6392111188756892
    ],
    "test_loss": 0.08410892050753949,
    "test_f1_p": 0.8199552217441913,
    "test_f1_s": 0.6252557974057796
}