{
    "model": "finetune_full_f005pct",
    "epochs": 10,
    "train_losses": [
        0.19372017547567055,
        0.10939275125465381,
        0.08530394222449374,
        0.07871994714218157,
        0.07648011398496767,
        0.07522084559042932,
        0.07399852277228126,
        0.07368678566088122,
        0.07319888379917573,
        0.0741090619808467
    ],
    "valid_losses": [
        0.18065684221877765,
        0.11548871556714725,
        0.1000547680440509,
        0.09583109555889913,
        0.09387227444864449,
        0.09266869382850165,
        0.09206544292176277,
        0.09153000297505529,
        0.0913912941482962,
        0.0914785457407913
    ],
    "train_f1s_p": [
        0.5450702098746791,
        0.6525164708279563,
        0.7162049772887211,
        0.7418447512204585,
        0.7578933747412008,
        0.7626913910744018,
        0.7700405387733752,
        0.7666523420713365,
        0.7751426592340931,
        0.7700559243876116
    ],
    "train_f1s_s": [
        0.5068540332024523,
        0.541377502236205,
        0.5483398857864379,
        0.5559473638943838,
        0.5702825053005558,
        0.5767506435657883,
        0.5829250616031308,
        0.5852277701578779,
        0.5813714855316778,
        0.5864889251098757
    ],
    "valid_f1s_p": [
        0.7493436241946373,
        0.7732884573626578,
        0.7947253837035431,
        0.8079503338702363,
        0.8129165493288275,
        0.8154452719193942,
        0.8184842767787945,
        0.818715280494484,
        0.8186800281844516,
        0.8186778347489139
    ],
    "valid_f1s_s": [
        0.5686953382669051,
        0.5982111851091578,
        0.602631919444085,
        0.6113466027767539,
        0.6164591604671781,
        0.6194852657712532,
        0.6215441659263837,
        0.6221288883055519,
        0.6224120882516532,
        0.6226020041566549
    ],
    "test_loss": 0.08912544004628922,
    "test_f1_p": 0.8105466778346788,
    "test_f1_s": 0.6138410610262032
}