{
    "model": "finetune_full_f010pct",
    "epochs": 10,
    "train_losses": [
        0.17129779014958452,
        0.09350701990407824,
        0.07824683069492018,
        0.07479637483295226,
        0.07326736740817297,
        0.07272712367259904,
        0.07155057611252298,
        0.07076085884839493,
        0.07051477033077486,
        0.07081276593322786
    ],
    "valid_losses": [
        0.14545208753088373,
        0.10327991788545923,
        0.09486286290489408,
        0.09134065946714291,
        0.08989332972071884,
        0.08913376765689933,
        0.08917695396446487,
        0.0887040212344859,
        0.08862612166135918,
        0.08866755066039567
    ],
    "train_f1s_p": [
        0.5723084867037952,
        0.6851155644185818,
        0.7433459769187314,
        0.7671142814878125,
        0.7765790990694227,
        0.7816387392285766,
        0.787888848311809,
        0.7884978684276519,
        0.7846629477787486,
        0.7901185177776666
    ],
    "train_f1s_s": [
        0.5213921301207254,
        0.5446341679200213,
        0.5632885983023629,
        0.5815307578095432,
        0.5956744652012493,
        0.6010093557241094,
        0.6027494666982698,
        0.6084309482951578,
        0.6069700918063231,
        0.6039156178404594
    ],
    "valid_f1s_p": [
        0.7626184420606712,
        0.7877741109706072,
        0.8113803178780972,
        0.8186868212687385,
        0.8215755966097723,
        0.8225429017160687,
        0.8248624656164041,
        0.8250109299856349,
        0.8261657141072488,
        0.8258968312223767
    ],
    "valid_f1s_s": [
        0.5864733377849852,
        0.599867548660643,
        0.6160640651133394,
        0.6241208205159914,
        0.626288062537657,
        0.6279699248120301,
        0.6316066834061812,
        0.6308328685629299,
        0.6318661303198704,
        0.6319347012177634
    ],
    "test_loss": 0.08645067760197891,
    "test_f1_p": 0.8183461167876059,
    "test_f1_s": 0.6237475247257639
}