{
    "model": "finetune_full_f025pct",
    "epochs": 10,
    "train_losses": [
        0.13936828288754796,
        0.0802851693420592,
        0.07324381294202502,
        0.07107034951480011,
        0.06985331814483565,
        0.06948615310287451,
        0.06878819952766269,
        0.06851292022314491,
        0.0682943532089466,
        0.06838472299198857
    ],
    "valid_losses": [
        0.11379324218282671,
        0.09334668455975911,
        0.08879680832474297,
        0.08711783992748091,
        0.08688237435013552,
        0.08621305622425186,
        0.08557259775214686,
        0.08559735851853358,
        0.08560234438914302,
        0.08550630430822381
    ],
    "train_f1s_p": [
        0.617063102024769,
        0.7330952119517126,
        0.7739662671468777,
        0.7880554596403623,
        0.7972346841214973,
        0.8016064580148577,
        0.8031308146590082,
        0.8061992480441723,
        0.8082908559916713,
        0.8094164957357227
    ],
    "train_f1s_s": [
        0.533084534046387,
        0.5574170667956291,
        0.5909552815681115,
        0.6083261316565843,
        0.6135872072471497,
        0.6174883008389884,
        0.6176796245035504,
        0.6189316447475239,
        0.6226454848088997,
        0.6216568937001955
    ],
    "valid_f1s_p": [
        0.7758759815027466,
        0.8153477593711834,
        0.8239757089444475,
        0.8268735057511545,
        0.8305699684001092,
        0.8312838707162072,
        0.8311548707722507,
        0.8309480589293923,
        0.8325004482766686,
        0.8322656067336919
    ],
    "valid_f1s_s": [
        0.597554115389654,
        0.6181158861198982,
        0.6300663512979924,
        0.6340028716555248,
        0.6387306311962732,
        0.6385395411626879,
        0.6390133314763662,
        0.6408072235042669,
        0.6411566339780612,
        0.6413652533112197
    ],
    "test_loss": 0.08333920644068737,
    "test_f1_p": 0.8255515704814694,
    "test_f1_s": 0.6320229039561134
}