{
    "model": "finetune_partial_f015pct",
    "epochs": 10,
    "train_losses": [
        0.09898628488130413,
        0.07380409209289492,
        0.07158327315065152,
        0.07046016356320058,
        0.06970753051860082,
        0.0690983731237167,
        0.0683226332410394,
        0.06773585255692621,
        0.06697680889271258,
        0.06699567931290759
    ],
    "valid_losses": [
        0.09482398549838351,
        0.09012742264265751,
        0.0881511964343278,
        0.08652162317669154,
        0.0864327418697705,
        0.08672360041335549,
        0.08569665513829433,
        0.08549486699750207,
        0.08551932189293439,
        0.08555700675391445
    ],
    "train_f1s_p": [
        0.6996548527259933,
        0.7745418164627241,
        0.7908184784780341,
        0.7993754002044553,
        0.806179205981039,
        0.8097666165008198,
        0.810763810470211,
        0.8107997869953887,
        0.8138476308804428,
        0.8135562645861754
    ],
    "train_f1s_s": [
        0.5473635928525845,
        0.5931175683124655,
        0.6071020156518799,
        0.6138524672204985,
        0.6154633280163723,
        0.6196096459230684,
        0.6213761928679056,
        0.6221538337758468,
        0.6256695259957311,
        0.6269877145928135
    ],
    "valid_f1s_p": [
        0.8126065268721365,
        0.8200733629907125,
        0.830135806817737,
        0.8287644577281713,
        0.8296560700173796,
        0.8325596273728066,
        0.8320763381355998,
        0.8329688630862977,
        0.8338639494967579,
        0.8340067104167154
    ],
    "valid_f1s_s": [
        0.6120164583638904,
        0.627749524678095,
        0.6338630664482521,
        0.6315544884207265,
        0.6382830086160056,
        0.6381735018218466,
        0.6386987230677387,
        0.6396498295630617,
        0.639926833616233,
        0.6401500763559972
    ],
    "test_loss": 0.08330518653734907,
    "test_f1_p": 0.8257979480754054,
    "test_f1_s": 0.630798044020337
}