{
    "model": "finetune_partial_f001pct",
    "epochs": 10,
    "train_losses": [
        0.17601506833575273,
        0.09768846582033132,
        0.07997728943040497,
        0.07726130815909098,
        0.07591249715340764,
        0.07528208426542972,
        0.07283327806937068,
        0.07402900851478703,
        0.07140210393424097,
        0.07469954616145084
    ],
    "valid_losses": [
        0.14153314168345113,
        0.10216094163986253,
        0.0958522824624989,
        0.0954897916074016,
        0.09315245232766405,
        0.09288349887093289,
        0.0927807631292155,
        0.09162237180299276,
        0.09188948278521909,
        0.09184499238298514
    ],
    "train_f1s_p": [
        0.5654275092936804,
        0.7019278299555116,
        0.7398599120377912,
        0.7548271945481096,
        0.7598953222113183,
        0.7706924315619967,
        0.7820618897898395,
        0.7709294660514173,
        0.7689236399933456,
        0.7710685648829979
    ],
    "train_f1s_s": [
        0.5145942297958495,
        0.537678808435334,
        0.5655468191565404,
        0.5774647887323944,
        0.5909090909090909,
        0.5940911075534857,
        0.6083978558665872,
        0.6043874048649456,
        0.6027974131448338,
        0.6030090868464174
    ],
    "valid_f1s_p": [
        0.7614037051547545,
        0.7923140900575977,
        0.8081140093442585,
        0.8143586051461842,
        0.8185303364091789,
        0.8133610261915319,
        0.8183174853696078,
        0.8187648919964063,
        0.8193398143227782,
        0.8192936692647725
    ],
    "valid_f1s_s": [
        0.5840107006893713,
        0.5977982824776173,
        0.6143591167893349,
        0.6215275619911752,
        0.6219917687818262,
        0.6203154827690144,
        0.624309906333354,
        0.6235789180015344,
        0.6248001366056598,
        0.6248196472066649
    ],
    "test_loss": 0.0893047127525407,
    "test_f1_p": 0.8106312292358804,
    "test_f1_s": 0.6133319673898978
}