{
    "model": "finetune_partial_f025pct",
    "epochs": 10,
    "train_losses": [
        0.09085507641380684,
        0.07211544733076214,
        0.07046305786589381,
        0.06955558841582388,
        0.06871359127818338,
        0.0683605184608881,
        0.06745004942206571,
        0.0669478300457694,
        0.06648537408465803,
        0.0663548728048612
    ],
    "valid_losses": [
        0.09356016431519229,
        0.08845347414617502,
        0.0867111021218138,
        0.08606855632120465,
        0.08678902960513839,
        0.08533266015804275,
        0.08485725657301373,
        0.08464210768027941,
        0.08447383147824673,
        0.08432911905316183
    ],
    "train_f1s_p": [
        0.720160547876251,
        0.7838611725221746,
        0.7986425339366516,
        0.8076471303009437,
        0.8112999695874025,
        0.8126905165829689,
        0.8157629976071351,
        0.817710069031183,
        0.8185596038876685,
        0.8197812648597242
    ],
    "train_f1s_s": [
        0.5552653244960938,
        0.6005935710404213,
        0.6116810466294527,
        0.6172031103300513,
        0.618684403957151,
        0.6230062309043232,
        0.6237196309150935,
        0.6249464209172739,
        0.6290326484184031,
        0.6277604239044402
    ],
    "valid_f1s_p": [
        0.8188140728762736,
        0.8246558666541811,
        0.8309949278189621,
        0.8317611288687924,
        0.8332774602976604,
        0.8346705473109158,
        0.8346440767621137,
        0.8369429031680687,
        0.8380516366127877,
        0.8373833811869247
    ],
    "valid_f1s_s": [
        0.6203541061074754,
        0.6320067003753451,
        0.6333558301721396,
        0.6358872593097888,
        0.6383582679913447,
        0.6415059174354674,
        0.6431072413472563,
        0.6433252257974562,
        0.6425612461793865,
        0.6440086537790495
    ],
    "test_loss": 0.08229759242075033,
    "test_f1_p": 0.8301535623202562,
    "test_f1_s": 0.6340617393676942
}