{
    "model": "finetune_partial_f005pct",
    "epochs": 10,
    "train_losses": [
        0.12500970031100292,
        0.07772229170357739,
        0.07376069872191658,
        0.07208052041038635,
        0.07137851079029066,
        0.07073613951012256,
        0.06964753875656733,
        0.06933420046020752,
        0.06847405033531012,
        0.06919855335678057
    ],
    "valid_losses": [
        0.10438541367034157,
        0.09302359531265533,
        0.08996427915445829,
        0.08962407854945219,
        0.08940458699399906,
        0.08803300900786605,
        0.08844122363755764,
        0.08801107162219142,
        0.08814662680468305,
        0.08798617035039745
    ],
    "train_f1s_p": [
        0.6394760551666783,
        0.7470964374265954,
        0.7746733800638431,
        0.7826115834218916,
        0.7910669975186104,
        0.7930805056553559,
        0.8003751968108271,
        0.794883045870321,
        0.8044670187359144,
        0.7995331777259086
    ],
    "train_f1s_s": [
        0.5303440759769578,
        0.5649510871142849,
        0.5917093564152388,
        0.6011842770851311,
        0.6075986939744732,
        0.6113651989358204,
        0.6164034640855833,
        0.6159572552080207,
        0.6129109960255329,
        0.6183840679385204
    ],
    "valid_f1s_p": [
        0.7943693115019581,
        0.8151605413138823,
        0.8202713238733822,
        0.8216454135385288,
        0.8248016740583421,
        0.8278139993581867,
        0.8282395610236528,
        0.8278391136425701,
        0.8286499742272067,
        0.8280737896806817
    ],
    "valid_f1s_s": [
        0.6019612503546045,
        0.6170984775962697,
        0.6237515074677634,
        0.6270235168607078,
        0.6311078013854304,
        0.6336235662957272,
        0.6332217293694505,
        0.6326967197866932,
        0.6336744446257488,
        0.6339410504084232
    ],
    "test_loss": 0.0856802232494435,
    "test_f1_p": 0.8201583176574206,
    "test_f1_s": 0.6249962836130308
}