{
  "zero_shot": {
    "base_lstm_stead": {
      "mae_p_wave": 0.8226559598593495,
      "f1_p_wave": 0.34419219076813645,
      "precision_p_wave": 0.8010958256139382,
      "recall_p_wave": 0.2191820711373784,
      "n_earthquake_p": 185444,
      "n_noise_p": 51703,
      "n_noise_fp_p": 116,
      "total_fp_p": 10092,
      "total_fn_p": 144798,
      "mae_s_wave": 0.33563713864992634,
      "f1_s_wave": 0.3108449054174547,
      "precision_s_wave": 0.6012064032170752,
      "recall_s_wave": 0.2096104484372641,
      "n_earthquake_s": 185444,
      "n_noise_s": 51703,
      "n_noise_fp_s": 140,
      "total_fp_s": 25784,
      "total_fn_s": 146573,
      "fpr_noise_p": 0.0022435835444751754,
      "fpr_noise_s": 0.0027077732433321085
    },
    "eqtransformer_stead": {
      "mae_p_wave": 0.40887624356212304,
      "f1_p_wave": 0.7718996772351887,
      "precision_p_wave": 0.8110278309002578,
      "recall_p_wave": 0.736373244753133,
      "n_earthquake_p": 185444,
      "n_noise_p": 51703,
      "n_noise_fp_p": 811,
      "total_fp_p": 31818,
      "total_fn_p": 48888,
      "mae_s_wave": 0.47512671989734084,
      "f1_s_wave": 0.5307114499684201,
      "precision_s_wave": 0.5561662293454365,
      "recall_s_wave": 0.5074847393283147,
      "n_earthquake_s": 185444,
      "n_noise_s": 51703,
      "n_noise_fp_s": 888,
      "total_fp_s": 75102,
      "total_fn_s": 91334,
      "fpr_noise_p": 0.015685743573873857,
      "fpr_noise_s": 0.017175018857706517
    }
  },
  "fine_tuning": {
    "partial": {
      "0.01": {
        "mae_p_wave": 0.31217010173923243,
        "f1_p_wave": 0.8030017332342914,
        "precision_p_wave": 0.8104263580792741,
        "recall_p_wave": 0.7957119130303488,
        "n_earthquake_p": 185444,
        "n_noise_p": 51703,
        "n_noise_fp_p": 3090,
        "total_fp_p": 34517,
        "total_fn_p": 37884,
        "mae_s_wave": 0.363705576454968,
        "f1_s_wave": 0.5971293620325238,
        "precision_s_wave": 0.5970649759547993,
        "recall_s_wave": 0.5971937619982313,
        "n_earthquake_s": 185444,
        "n_noise_s": 51703,
        "n_noise_fp_s": 4724,
        "total_fp_s": 74738,
        "total_fn_s": 74698,
        "fpr_noise_p": 0.059764423727830106,
        "fpr_noise_s": 0.09136800572500628
      },
      "0.05": {
        "mae_p_wave": 0.24300303331096704,
        "f1_p_wave": 0.81213913686431,
        "precision_p_wave": 0.8188615533043898,
        "recall_p_wave": 0.8055261965876491,
        "n_earthquake_p": 185444,
        "n_noise_p": 51703,
        "n_noise_fp_p": 2093,
        "total_fp_p": 33044,
        "total_fn_p": 36064,
        "mae_s_wave": 0.31260055956867955,
        "f1_s_wave": 0.6087252657554536,
        "precision_s_wave": 0.6102178943204417,
        "recall_s_wave": 0.6072399214857316,
        "n_earthquake_s": 185444,
        "n_noise_s": 51703,
        "n_noise_fp_s": 3328,
        "total_fp_s": 71930,
        "total_fn_s": 72835,
        "fpr_noise_p": 0.04048120998781502,
        "fpr_noise_s": 0.06436763824149469
      },
      "0.1": {
        "mae_p_wave": 0.2458756613756614,
        "f1_p_wave": 0.8122095017406264,
        "precision_p_wave": 0.813569592858109,
        "recall_p_wave": 0.810853950518755,
        "n_earthquake_p": 185444,
        "n_noise_p": 51703,
        "n_noise_fp_p": 3385,
        "total_fp_p": 34457,
        "total_fn_p": 35076,
        "mae_s_wave": 0.3371504239609124,
        "f1_s_wave": 0.6088580133803777,
        "precision_s_wave": 0.6041021938881133,
        "recall_s_wave": 0.613689307823386,
        "n_earthquake_s": 185444,
        "n_noise_s": 51703,
        "n_noise_fp_s": 5823,
        "total_fp_s": 74582,
        "total_fn_s": 71639,
        "fpr_noise_p": 0.06547008877627991,
        "fpr_noise_s": 0.11262402568516333
      },
      "0.15": {
        "mae_p_wave": 0.2233358728896839,
        "f1_p_wave": 0.8176835436515362,
        "precision_p_wave": 0.8225039965517805,
        "recall_p_wave": 0.8129192640365824,
        "n_earthquake_p": 185444,
        "n_noise_p": 51703,
        "n_noise_fp_p": 2149,
        "total_fp_p": 32532,
        "total_fn_p": 34693,
        "mae_s_wave": 0.29842886971811644,
        "f1_s_wave": 0.6145737756236574,
        "precision_s_wave": 0.6151248973594364,
        "recall_s_wave": 0.6140236405599534,
        "n_earthquake_s": 185444,
        "n_noise_s": 51703,
        "n_noise_fp_s": 3122,
        "total_fp_s": 71245,
        "total_fn_s": 71577,
        "fpr_noise_p": 0.041564319285147866,
        "fpr_noise_s": 0.060383343326306016
      },
      "0.25": {
        "mae_p_wave": 0.20047811488650835,
        "f1_p_wave": 0.8222746757827338,
        "precision_p_wave": 0.8274560982002446,
        "recall_p_wave": 0.8171577403420979,
        "n_earthquake_p": 185444,
        "n_noise_p": 51703,
        "n_noise_fp_p": 1757,
        "total_fp_p": 31599,
        "total_fn_p": 33907,
        "mae_s_wave": 0.2874031450408504,
        "f1_s_wave": 0.6175071386312738,
        "precision_s_wave": 0.6187088915956152,
        "recall_s_wave": 0.6163100450809949,
        "n_earthquake_s": 185444,
        "n_noise_s": 51703,
        "n_noise_fp_s": 2597,
        "total_fp_s": 70434,
        "total_fn_s": 71153,
        "fpr_noise_p": 0.03398255420381796,
        "fpr_noise_s": 0.05022919366381061
      }
    },
    "full": {
      "0.01": {
        "mae_p_wave": 0.7626970162168197,
        "f1_p_wave": 0.7704717146281359,
        "precision_p_wave": 0.7696073947735136,
        "recall_p_wave": 0.7713379780418886,
        "n_earthquake_p": 185444,
        "n_noise_p": 51703,
        "n_noise_fp_p": 6726,
        "total_fp_p": 42821,
        "total_fn_p": 42404,
        "mae_s_wave": 0.4969161638772624,
        "f1_s_wave": 0.5734422842514229,
        "precision_s_wave": 0.5649314294385115,
        "recall_s_wave": 0.5822134984146158,
        "n_earthquake_s": 185444,
        "n_noise_s": 51703,
        "n_noise_fp_s": 9298,
        "total_fp_s": 83149,
        "total_fn_s": 77476,
        "fpr_noise_p": 0.13008916310465543,
        "fpr_noise_s": 0.17983482583215674
      },
      "0.05": {
        "mae_p_wave": 0.33254956350560083,
        "f1_p_wave": 0.8031637850830643,
        "precision_p_wave": 0.8128441177607564,
        "recall_p_wave": 0.7937113090744375,
        "n_earthquake_p": 185444,
        "n_noise_p": 51703,
        "n_noise_fp_p": 2268,
        "total_fp_p": 33890,
        "total_fn_p": 38255,
        "mae_s_wave": 0.39956689288648034,
        "f1_s_wave": 0.5982835708604717,
        "precision_s_wave": 0.5962329427390158,
        "recall_s_wave": 0.6003483531416492,
        "n_earthquake_s": 185444,
        "n_noise_s": 51703,
        "n_noise_fp_s": 5337,
        "total_fp_s": 75393,
        "total_fn_s": 74113,
        "fpr_noise_p": 0.043865926541980155,
        "fpr_noise_s": 0.10322418428331044
      },
      "0.1": {
        "mae_p_wave": 0.28076698559539226,
        "f1_p_wave": 0.8106433824530079,
        "precision_p_wave": 0.818408643752954,
        "recall_p_wave": 0.8030240935268869,
        "n_earthquake_p": 185444,
        "n_noise_p": 51703,
        "n_noise_fp_p": 2085,
        "total_fp_p": 33042,
        "total_fn_p": 36528,
        "mae_s_wave": 0.3457762684205594,
        "f1_s_wave": 0.6076144021841766,
        "precision_s_wave": 0.6079785338674671,
        "recall_s_wave": 0.6072507064127176,
        "n_earthquake_s": 185444,
        "n_noise_s": 51703,
        "n_noise_fp_s": 3835,
        "total_fp_s": 72611,
        "total_fn_s": 72833,
        "fpr_noise_p": 0.040326480088196046,
        "fpr_noise_s": 0.07417364562984739
      },
      "0.15": {
        "mae_p_wave": 0.259921605153879,
        "f1_p_wave": 0.813734447054729,
        "precision_p_wave": 0.8206787618190993,
        "recall_p_wave": 0.8069066672418628,
        "n_earthquake_p": 185444,
        "n_noise_p": 51703,
        "n_noise_fp_p": 1963,
        "total_fp_p": 32696,